{"sum": 6148844.0, "avr": 227.48220495745468, "sumMD": 37253.0, "avrMD": 219.13529411764705, "sumSD": 35423.0, "avrSD": 208.37058823529412, "max": 434.0, "min": 21.0}